cluster,n_facilities,ppe_M,depth_m,duration_h,DR_S2,DR_JRC,kappa_tot,capex_gross_M
Illinois River corridor,4,1200,1.5,72,0.4970612419579557,0.5,0.21,125.25943297340483
Mississippi River (Iowa),3,800,2.0,120,0.6507061561549168,0.57,0.21,109.318634234026
Ohio River,2,600,1.0,48,0.38447401296388317,0.4,0.21,48.443725633449276
Missouri River,3,700,1.8,96,0.5846466896772617,0.5419999999999999,0.21,85.94306338255747
