archetype,n,median_ratio,mean_ratio,min_ratio,max_ratio,within_band
Other (single events),7,1.0630434782608695,1.1392232010231529,0.6,2.0,7
Thailand (monsoonal industrial-park),9,0.7307692307692307,0.7066819594738822,0.38,1.0327272727272727,8
US Harvey (Gulf tropical-cyclone surge),8,1.255,1.3838181714546285,0.9,2.14,8
