cluster,h_m,tau_h,capex_0p5tau_M,capex_1p0tau_M,capex_1p5tau_M
Illinois River,1.5,72.0,100.65267845712472,125.25943297340483,143.9591007065396
Mississippi River,2.0,120.0,87.90453726384257,109.318634234026,120.69025875491957
Ohio River,1.0,48.0,40.214496410015904,48.443725633449276,55.74646758032281
Missouri River,1.8,96.0,68.55936642783296,85.94306338255747,96.98995104642923
TOTAL,,,297.33107855881616,368.96485622343755,417.3857780882112
